name_of_city,population_total,effective_literacy_rate_total,total_graduates,sample_mean
Abohar ,0.011639108616641157,0.8082995951417005,0.0073327309391541355,0.011316147182761683
Achalpur ,0.008998956360515054,0.9310728744939271,0.003990298662351759,0.00849021558172209
Adilabad ,0.00940726037462835,0.8148785425101215,0.004756572872362218,0.0089653618306132
Adityapur ,0.013943081218359944,0.8447368421052631,0.008655476902145163,0.013535305752975537
Adoni ,0.013345971658171887,0.6921052631578947,0.005358516831694758,0.012499721761394857
Agartala ,0.03203026786907057,0.9502024291497976,0.023731539297215797,0.03168516113458296
Agra ,0.12618092620019142,0.6421052631578947,0.08365670375127694,0.12327076159892542
Ahmadabad ,0.44641652923637054,0.907085020242915,0.3466053647298658,0.4439866495662418
Ahmadnagar ,0.028120887158474127,0.9260121457489878,0.023258808439101233,0.028195509844700158
Aizawl ,0.02338608322013148,1.0,0.012080299414218934,0.02232020497228486
Ajmer ,0.04348137232141147,0.8859311740890689,0.03511219704142518,0.04346057812507707
Akbarpur ,0.008942939774476744,0.7787449392712551,0.00438739258316799,0.008501976038179556
Akola ,0.034230701945522544,0.9244939271255062,0.02238268058206225,0.03339789953472063
Alandur ,0.013155643486725552,0.9630566801619435,0.02069705740798519,0.014720922918776705
Alappuzha ,0.013957185537591336,0.9773279352226721,0.01002324485162329,0.013761278774909968
Aligarh ,0.06992657018938334,0.7121457489878543,0.04472529159615098,0.068061942625963
Allahabad ,0.08952187720154599,0.875506072874494,0.10495930687751363,0.09455347471778595
Alwar ,0.025268368732102642,0.8783400809716599,0.026456720139280018,0.02620006883763839
Ambala ,0.015724392626742734,0.8930161943319839,0.015732032738187695,0.016192753672667662
Ambala Sadar ,0.00835584748647007,0.8903846153846154,0.00928263317391048,0.00875112195594887
Ambarnath ,0.02035533748710877,0.9012145748987855,0.011974047526109376,0.01965477506729005
Ambattur ,0.038316787337398635,0.9381578947368421,0.043755067787353955,0.04029244349995923
Ambikapur ,0.009181831681458438,0.8927125506072875,0.00939023572161465,0.009489606497213636
Ambur ,0.009124212331871105,0.8788461538461538,0.003517567804237199,0.008525776345088325
Amravati ,0.05183345331354134,0.9415991902834009,0.04141842668867341,0.05173970839339359
Amreli ,0.008493044046266334,0.9055668016194333,0.005089735572366766,0.008218977931843422
Amritsar ,0.09077740202767219,0.8630566801619433,0.06319241001343005,0.08915436224620861
Amroha ,0.015798039611820285,0.6465587044534413,0.006248601504544745,0.014780424036166417
Anand ,0.01581534945814972,0.9484817813765182,0.013417902632750703,0.015912693054562492
Anantapur ,0.021023449472518496,0.828744939271255,0.019674608094863127,0.021435743021241505
Anantnag ,0.008695392944330332,0.799089068825911,0.00570248480845621,0.008490352827894503
Arrah ,0.020923997994301696,0.8442307692307692,0.015917073102649677,0.020764534312939377
Asansol ,0.045237279927542264,0.8585020242914979,0.029545678632160014,0.044128903263287396
Ashoknagar Kalyangarh ,0.009929601015254542,0.9357287449392713,0.005399036619533149,0.009522535075058966
Aurangabad ,0.00813562777483448,0.8794534412955466,0.005916339244269939,0.008035055456570723
Aurangabad ,0.09386825139378321,0.9021255060728745,0.07172362623287082,0.09318224750897987
Avadi ,0.027623709905567576,0.8970647773279352,0.02325250536099304,0.027759903097704094
Azamgarh ,0.008893734933521776,0.8747975708502025,0.008964327729446676,0.009171505581576356
Badlapur ,0.014065532353505208,0.9350202429149798,0.01130727190623541,0.014055365111552975
Bagaha ,0.009056575710102387,0.6140688259109313,0.0016856231740770605,0.008179918791551822
Bagalkot ,0.00898092527058856,0.8719635627530365,0.006343597896032527,0.008840064478027723
Bahadurgarh ,0.013657629030279169,0.891093117408907,0.01013940157676001,0.013517000194612272
Baharampur ,0.015656034761376957,0.9138663967611337,0.014476369535062449,0.01593787212531555
Bahraich ,0.014925014306668129,0.7594129554655871,0.00922500503120699,0.014481293902687261
Baidyabati ,0.009703210663955218,0.9016194331983806,0.007754586952538272,0.009690845798219777
Baleshwar Town ,0.009472492851073535,0.8986842105263159,0.010431594269061296,0.009905587741790327
Ballia ,0.008356087901002424,0.8767206477732794,0.0072548429025314515,0.008435851392499805
Bally ,0.023398103946749144,0.8440283400809717,0.01625293712184345,0.022978607772418242
Bally City,0.009273189203752679,0.9123481781376519,0.005562016210616454,0.00897415889012348
Balurghat ,0.012115530081587876,0.9296558704453441,0.010684617833118804,0.01225460219817335
Banda ,0.012372372940318614,0.8431174089068826,0.0108120300548773,0.01249824566480585
Bankura ,0.01106195346263842,0.8832995951417004,0.008591095461468608,0.011008072240066231
Bansberia ,0.008318262681245511,0.8677125506072875,0.0038565833624850695,0.007874200141561304
Banswara ,0.008024075431822566,0.8803643724696357,0.006236445568193227,0.007987375716133373
Baran ,0.009468886633088236,0.8217611336032389,0.005201390098854776,0.009088440836901728
Baranagar ,0.019911612398562095,0.93582995951417,0.022380879702602767,0.02088588863901029
Barasat ,0.02271460543126881,0.9151821862348178,0.02049220736946888,0.023041210933398698
Baraut ,0.00823283538408265,0.7892712550607288,0.005705186127645436,0.008086529073345467
Barddhaman ,0.025214515876855508,0.9015182186234817,0.02358566806099759,0.025706633135802202
Bareilly ,0.07197746642671159,0.7102226720647774,0.04983528706243694,0.07064873957722807
Baripada Town ,0.008819847533911872,0.9039473684210527,0.007918917203216191,0.008944550829367836
Barnala ,0.009332411316889033,0.8055668016194333,0.005702034588591339,0.009046944876814235
Barrackpur ,0.01237934496175686,0.9041497975708502,0.013466076158291903,0.01291754882694338
Barshi ,0.009502224114907889,0.8752024291497976,0.006010885415892851,0.009243842717264479
Basirhat ,0.010188367190244107,0.8932186234817814,0.009021055432420422,0.010311686561717768
Basti ,0.009187922182944721,0.863259109311741,0.00908678753269159,0.009447528641364538
Batala ,0.012533610953350205,0.8652834008097166,0.0073998136990199165,0.012108577872611336
Bathinda ,0.02290453291182789,0.8384615384615385,0.01955214829161821,0.023060426798007558
Beawar ,0.011684867515965728,0.8700404858299595,0.006198176879679191,0.011180098413180201
Begusarai ,0.020125581332356503,0.8031376518218624,0.011082612193664776,0.01931469235652846
Belgaum ,0.039130830943946794,0.9158906882591092,0.028904115324718826,0.0386937916808748
Bellary ,0.0328281235637736,0.7921052631578948,0.016592853119821064,0.03127092837823338
Bengaluru,0.6752418790575462,0.9067813765182187,0.7163731908477505,0.701441560550377
Bettiah ,0.010650043230539826,0.835425101214575,0.006050054544136629,0.010252606986143322
Betul ,0.008281559395972912,0.9136639676113361,0.007710015185916042,0.008441778886629751
Bhadrak ,0.008604355974745896,0.8186234817813764,0.005992876621298011,0.008456106406699786
Bhadravati ,0.012082913843365285,0.8765182186234818,0.005585427643589747,0.011432648176072455
Bhadreswar ,0.008120722073828579,0.8794534412955466,0.004153278253435065,0.007747818824308001
Bhagalpur ,0.03190605369402138,0.8214574898785425,0.02235611761003486,0.031361811953322064
Bhalswa Jahangir Pur ,0.015799241684482053,0.7787449392712551,0.0037584354319431896,0.01439508860146534
Bharatpur ,0.020203555779016412,0.8312753036437247,0.015042295905205307,0.01999887713024371
Bharuch ,0.013521634543144671,0.887246963562753,0.006329641080221526,0.012805604266509582
Bhatpara ,0.03129131373479408,0.8690283400809716,0.013081138173827188,0.02938243505055268
Bhavnagar ,0.04758348534877778,0.8665991902834009,0.023355155490183632,0.04521621505715601
Bhilai Nagar ,0.05014221721661358,0.8828947368421053,0.03674694537077182,0.04953496067128302
Bhilwara ,0.028850465125988836,0.8529352226720648,0.018813787713229755,0.028141156159011478
Bhimavaram ,0.011402059887740838,0.8442307692307692,0.008238123087409737,0.011250083457576833
Bhind ,0.015813826832778148,0.8522267206477734,0.00921600063390957,0.01525716682216518
Bhiwadi ,0.00840513246560249,0.816497975708502,0.004562978330467684,0.00805961832001907
Bhiwandi ,0.05700460962810516,0.8252024291497976,0.01111502802393549,0.05154423763304221
Bhiwani ,0.01584027243133701,0.8541497975708502,0.012661533259767408,0.01581617818499147
Bhopal ,0.14389995806369174,0.862753036437247,0.12732803064376488,0.14554720184786454
Bhubaneswar Town ,0.06713471636334233,0.9428137651821863,0.0903987462277203,0.07272773759457266
Bhuj ,0.011790169081136458,0.8856275303643725,0.007409268316182207,0.011460580573100636
Bhusawal ,0.015045942816441822,0.914676113360324,0.008921106622419059,0.014540767710889605
Bid ,0.011719166655914794,0.8963562753036438,0.008567684028495316,0.011578784539326235
Bidar ,0.01698480588169345,0.8871457489878544,0.011665196698807863,0.0166615207754839
Bidhan Nagar ,0.017496007315653945,0.9153846153846154,0.029652830959999314,0.01990604760049618
Biharsharif ,0.023792143365276144,0.757085020242915,0.012647576443956405,0.022761563454281916
Bijapur ,0.026153895592937165,0.8444331983805669,0.016777443264418178,0.025468158107937934
Bikaner ,0.05191383190552478,0.8082995951417005,0.03303218126572111,0.05050469100835091
Bilaspur ,0.02645409320566894,0.8983805668016195,0.030343018012846574,0.02784071938595211
Bokaro Steel City ,0.03317191634503877,0.8597165991902834,0.02747871923253721,0.033264896789884014
Bongaon ,0.008868731822157036,0.9134615384615384,0.004630961530063206,0.008475948982146955
Botad ,0.010442164798231703,0.8422064777327934,0.0020611065413794825,0.009450604076003491
Brahmapur Town ,0.02851500671517858,0.911336032388664,0.02286306517787962,0.02847823345869147
Budaun ,0.012759680751939725,0.7388663967611336,0.008646022284982872,0.012499064940426885
Bulandshahr ,0.017856869528716193,0.7993927125506074,0.014652855722091884,0.017887586348954553
Bundi ,0.008240047820053248,0.8415991902834009,0.005919490783324036,0.00812652442859888
Burari ,0.011666836426039233,0.8988866396761134,0.008065238659299269,0.011454930372257808
Burhanpur ,0.016900420380837455,0.826923076923077,0.006844692605633962,0.01583762710084432
Buxar ,0.008221455762884597,0.8619433198380567,0.005611540395752266,0.008062523597413652
Champdani ,0.008893975348054129,0.8339068825910931,0.003226725771530527,0.008279052542167858
Chandannagar ,0.013378988587281735,0.9172064777327936,0.013926651080054945,0.013862747110928159
Chandausi ,0.009156107326496639,0.7351214574898786,0.006949593834148907,0.00908644096410372
Chandigarh ,0.07699571909869873,0.8782388663967611,0.0852320230584606,0.0805400992323998
Chandrapur ,0.02572723993618757,0.9191295546558705,0.016966985827528872,0.02512534938008859
Chapra ,0.01615561615960704,0.8228744939271255,0.010288424352032316,0.015722410339575405
Chas ,0.011349008414268218,0.8615384615384616,0.006878008875634416,0.010992306436128165
Chennai ,0.37513378066998243,0.9142712550607287,0.39605616402770294,0.38939206253343434
Chhattarpur ,0.01070854410007912,0.8559716599190283,0.0093677247283711,0.010819869924968107
Chhindwara ,0.01108038524345217,0.914676113360324,0.012711057444903218,0.011665180304624155
Chikmagalur ,0.009496053475244156,0.9088056680161944,0.005944703095756813,0.00922838991862778
Chilakaluripet ,0.008138031920158013,0.7295546558704453,0.004288794432761239,0.007782983954575193
Chitradurga ,0.011212452959891563,0.8983805668016195,0.007589356262130612,0.010983878400765137
Chittaurgarh ,0.009328805098903733,0.8599190283400809,0.007578550985373707,0.009336028030284362
Chittoor ,0.012322526993944038,0.8741902834008098,0.009609943015671703,0.012267943086320277
Churu ,0.009604240014803124,0.7602226720647773,0.0039421251368105615,0.009010428992125704
Coimbatore ,0.08506242804092529,0.9285425101214575,0.07570221917873593,0.08610682989415573
Cuddalore ,0.013892834581098112,0.8961538461538462,0.009712142924997422,0.013656101991294353
Cuttack ,0.04856429650260165,0.9227732793522267,0.04959036745594711,0.050154034740428996
Dabgram ,0.00949348905356572,0.7487854251012146,0.0011399566978533967,0.008477750688277651
Dallo Pura ,0.012417811286933382,0.8291497975708503,0.007714067164699881,0.012056020291168765
Damoh ,0.01001558927965956,0.881578947368421,0.007448437444425985,0.009916042959138732
Darbhanga ,0.023569920199204276,0.8186234817813764,0.01738073788334533,0.023303971531424193
Darjiling ,0.009649758499595342,0.9532388663967613,0.0073471379748300085,0.009581125886203086
Datia ,0.008051162135801034,0.8151821862348179,0.0057254460215646315,0.007931115989213536
Davanagere ,0.034870364877937134,0.8592105263157895,0.01834195729484494,0.033327914490324004
Deesa ,0.00890727828551101,0.816497975708502,0.002671154458279701,0.00820414694239602
Dehradun ,0.046353524601258474,0.9040485829959514,0.061246109537592686,0.050035005196462194
Dehri ,0.010984379706865766,0.8439271255060729,0.006654249602793524,0.010638775701176901
Delhi ,0.8821478345823002,0.8866396761133603,1.0,0.9263458136291595
Delhi Cantonment ,0.009324237222789022,0.922165991902834,0.007796457399971276,0.009366358734151887
Deoghar ,0.016277346051155245,0.8785425101214575,0.01221266405449101,0.016128441936887783
Deoli ,0.013576208641988862,0.8486842105263157,0.005873568357107194,0.012782089655714812
Deoria ,0.010383503652337506,0.8988866396761134,0.011348241913938672,0.010844184905023422
Dewas ,0.023195033805088087,0.8687246963562754,0.013438162526669899,0.022363551654993194
Dhanbad ,0.09308538153826354,0.8176113360323887,0.04716863480280595,0.08867851786245069
Dharmavaram ,0.009776216543613159,0.7270242914979758,0.003403662178424834,0.0090767216943431
Dhaulpur ,0.010108789980035176,0.7748987854251013,0.005304490447910237,0.009663290127930156
Dhule ,0.03013940757211214,0.9095141700404858,0.017182190922937216,0.02901404111531763
Dibrugarh ,0.01111203982354535,0.9086032388663967,0.009399690338776941,0.01117777433131165
Dimapur ,0.009919263190363353,0.885425101214575,0.005808736696565768,0.009576875456271748
Dinapur Nizamat ,0.014604461596863776,0.7935222672064778,0.00890399826755396,0.014151508856270029
Dindigul ,0.016606633822301764,0.916497975708502,0.010502278787846044,0.016150411828007343
Dum Dum ,0.00942721478081367,0.9464574898785426,0.011384709722993224,0.010014594813993163
Durg ,0.021531445379380943,0.8900809716599191,0.01730104896726316,0.021510882499694902
Durgapur ,0.045433297909587625,0.8890688259109313,0.03604460238157304,0.04531118240610953
Eluru ,0.01718274717999764,0.7503036437246964,0.010590521881360762,0.016666386012248798
English Bazar ,0.017316497798163504,0.8571862348178138,0.013048722343556475,0.017166323401385224
Erode ,0.012577927365480657,0.8946356275303644,0.008831062649444856,0.012370108856969708
Etah ,0.009506952267377503,0.8747975708502025,0.009719346442835359,0.009824755348124117
Etawah ,0.020578682587664956,0.8389676113360324,0.01729024369050626,0.020676338241981906
Faizabad ,0.013426670802865132,0.8757085020242915,0.013802840617215418,0.013884867552696025
Faridabad ,0.11256633137120349,0.8591093117408907,0.0990366645551355,0.11376810551156342
Farrukhabad-cum-Fatehgarh ,0.022098422984847394,0.7582995951417004,0.014028850989380665,0.021496456246409
Fatehpur ,0.015530858928198357,0.786336032388664,0.011289713331505441,0.015331986292961473
Firozabad ,0.04838719113043474,0.7093117408906883,0.016273197015762648,0.0448159225906043
Firozpur ,0.008822492093767759,0.8071862348178138,0.006725834561308015,0.008760629754566283
Gadag-Betigeri ,0.013848918859854916,0.8659919028340082,0.007170201567935701,0.013222167406847878
Gandhidham ,0.019930765422972906,0.8435222672064778,0.01099932151866364,0.019131790124486396
Gandhinagar ,0.016692702224884233,0.9483805668016195,0.023565858386943264,0.01825764124297002
Ganganagar ,0.018012898560213462,0.8423076923076923,0.015463701698724573,0.018150331541797425
Gangapur City ,0.009540049334664803,0.8074898785425102,0.0044346656689794465,0.009031272904443022
Gangawati ,0.008442877547181952,0.7751012145748988,0.0031186730039614845,0.007867677447193857
Gaya ,0.03714035889241666,0.8678137651821862,0.025518011721023963,0.03642756677658601
Ghazipur ,0.008871135967480568,0.8649797570850202,0.008482142254169824,0.009076695785626879
Giridih ,0.009171573994744699,0.8679149797570851,0.0068037225979307,0.009078186587162928
Godhra ,0.011469856785864459,0.8979757085020244,0.005426500031290281,0.01087239809651659
Gokal Pur ,0.009771889082030801,0.862753036437247,0.0072003662988820594,0.009664388097309452
Gonda ,0.009164041006064296,0.8205465587044534,0.00774918431415982,0.009218326132964983
Gondal ,0.008980604717878756,0.8677125506072875,0.00475297111344325,0.008592361745775458
Gondiya ,0.010649482263297668,0.9483805668016195,0.008357431351600554,0.010611769015576929
Gorakhpur ,0.053776563702197876,0.8701417004048583,0.05570255234143594,0.055658712626365243
Greater Hyderabad ,0.5457385842965875,0.8396761133603239,0.5241230054697211,0.5583819882918539
Greater Mumbai ,1.0,0.9137651821862348,0.8114632280674268,1.0
Greater Noida ,0.00862895839522338,0.8759109311740891,0.009360521210533164,0.009001776181143572
Gudivada ,0.00947946487251178,0.8315789473684211,0.005638103367779655,0.009165674719955557
Gulbarga ,0.04263599468747994,0.8472672064777328,0.029281849791345602,0.041814827060845744
Guna ,0.014503247078743052,0.8270242914979756,0.0099516598931088,0.014226245699268647
Guntakal ,0.010135796545836193,0.7661943319838057,0.00523425614899036,0.009675904171551756
Guntur ,0.05220056630444478,0.8209514170040486,0.0425151622794992,0.052230229014537166
Gurgaon ,0.07026707730537302,0.8734817813765182,0.10526905814454489,0.07777707679528631
Guwahati ,0.07720744416352451,0.922165991902834,0.0828697194274824,0.08035799176773369
Gwalior ,0.08442597063560874,0.8623481781376519,0.0762060152075266,0.08562860120826993
Habra ,0.011994681709991637,0.9195344129554656,0.006223839411976839,0.011455143243872163
Hajipur ,0.011790409495668812,0.8022267206477733,0.0073471379748300085,0.011450550398745367
Haldia ,0.016088700781435383,0.901417004048583,0.007872994776999348,0.015288807666790786
Haldwani-cum-Kathgodam ,0.012506363973016835,0.8274291497975709,0.015455597741156894,0.013337439486727101
Halisahar ,0.010168973751300943,0.90334008097166,0.004863274980336648,0.00964814333223909
Hanumangarh ,0.012109199165569242,0.7927125506072874,0.007595209120373934,0.011767621267853981
Haora ,0.08592102847413624,0.9095141700404858,0.06820380732930927,0.08569068829563271
Hapur ,0.021060393172323447,0.7625506072874495,0.01281865999260739,0.020401247195742093
Hardoi ,0.01016873333676859,0.882085020242915,0.013131112578827871,0.01093369881933028
Hardwar ,0.018049922398195865,0.8602226720647773,0.017484288452265663,0.018497072092392153
Hassan ,0.010716317503291876,0.916093117408907,0.009473526396615787,0.010843533685940038
Hastsal ,0.01418710196869851,0.8570850202429151,0.005808286476700897,0.013305783937154451
Hathras ,0.011019720643121697,0.8002024291497977,0.008379492124979234,0.01093768385997925
Hazaribag ,0.01141920945771537,0.910425101214575,0.0130064016762586,0.01200714594884297
Hindaun ,0.008469803974805519,0.7751012145748988,0.0035855510038327217,0.007963819791439765
Hindupur ,0.012167780173285986,0.7732793522267207,0.004974929506824658,0.01141113693925356
Hinganghat ,0.00804715522692848,0.9548582995951418,0.005067674798988086,0.007826276719144366
Hisar ,0.024141545818962887,0.8202429149797572,0.022127405918680388,0.02454171913496807
Hoshangabad ,0.009452778859420568,0.8903846153846154,0.008545173035251765,0.00959490582205462
Hoshiarpur ,0.01349871502439366,0.9019230769230769,0.01198890478165012,0.013665875179194134
Hospet ,0.016521206525138905,0.809919028340081,0.007904059947675447,0.015670923418324764
Hosur ,0.009361822028013582,0.8931174089068825,0.006991914501446782,0.0092738667179508
Hubli-Dharwad ,0.07563897975445182,0.8834008097165992,0.051263834693672655,0.07407149876324254
Hugli-Chinsurah ,0.0142012062879299,0.9305668016194332,0.014063067699110861,0.014602498378345444
Ichalkaranji ,0.023045335689609453,0.8891700404858299,0.010194778620139145,0.02172843939027105
Imphal ,0.021235495090054075,0.9281376518218624,0.028775802663230588,0.02303723919722563
Indore ,0.15712139499410463,0.8844129554655871,0.14115518313368333,0.1592506117545067
Jabalpur ,0.08449256546107059,0.8997975708502025,0.07640726348712394,0.0857183504017295
Jagadhri ,0.01001046043630269,0.8683198380566802,0.00843621982795298,0.010065101405440858
Jagdalpur ,0.010044919852606658,0.8647773279352227,0.007303916867802391,0.009919077780114418
Jaipur ,0.2462926676693021,0.8536437246963563,0.2400338205162491,0.25254572533393516
Jalandhar ,0.0690948160456185,0.8653846153846154,0.05804414585863006,0.06940773517803168
Jalgaon ,0.03690106629454771,0.9004048582995952,0.024903911825339905,0.03612318977795438
Jalna ,0.022867348797490587,0.8563765182186235,0.010786817742444523,0.02166477117098325
Jalpaiguri ,0.008602913487551777,0.922165991902834,0.00911785270336769,0.008941595835247533
Jamalpur ,0.008432219169580958,0.8844129554655871,0.004789438922497802,0.008118977989822928
Jammu ,0.04036479860033865,0.9074898785425101,0.05473052765317943,0.043788787641453844
Jamnagar ,0.04241777843028063,0.83582995951417,0.023433493746671186,0.040714467777535505
Jamshedpur ,0.050459724675674784,0.8856275303643725,0.04995729664581698,0.05186704413173362
Jamuria ,0.011617711723261717,0.7399797570850203,0.002447395185438809,0.010537152613096958
Jaunpur ,0.013473471498496568,0.8310728744939272,0.011197418259206884,0.013520226179899533
Jehanabad ,0.0082106371089287,0.8062753036437247,0.0040074070172168574,0.007803191352756172
Jetpur Navagadh ,0.009500380936826513,0.8487854251012146,0.0039826449246489525,0.008926593288084615
Jhansi ,0.04065353645369492,0.8482793522267207,0.03545796589764612,0.0410431744611695
Jhunjhunun ,0.009533718418646166,0.7530364372469637,0.004683637254253114,0.009064087343889866
Jind ,0.013320968546807147,0.8464574898785425,0.009683328853645678,0.013151588562684894
Jodhpur ,0.08285630415387428,0.825506072874494,0.06344588379735244,0.08227218724214089
Junagadh ,0.025664251328711016,0.8970647773279352,0.01661761521238897,0.025015819932147902
Kadapa ,0.027393072230863343,0.8034412955465586,0.018907883664987798,0.02688200025327801
Kaithal ,0.011590625019283249,0.8174089068825912,0.00814672845484092,0.01140044854345917
Kakinada ,0.025023546599989566,0.8221659919028341,0.0215308645977263,0.02521963049818005
Kalol ,0.008985573284880723,0.897672064777328,0.006396723840087307,0.00885256648395756
Kalyani ,0.0080635034151285,0.8982793522267207,0.007859488181053217,0.008274386172305843
Kamarhati ,0.026972827628309836,0.892914979757085,0.02267622393395815,0.027101512901811033
Kancheepuram ,0.013163897719003014,0.8942307692307692,0.008385344983222557,0.01281279498561418
Kanchrapara ,0.009791362659151415,0.9190283400809717,0.0062166358941389025,0.00952879167990847
Kanpur ,0.22174482129066223,0.8516194331983806,0.20692600231322966,0.22594684292727638
Kanpur City,0.00865772800092832,0.806174089068826,0.005688527992645208,0.008455320042150709
Karaikkudi ,0.008558196384534068,0.923582995951417,0.005302689568450753,0.008309152868531693
Karawal Nagar ,0.018004323775226195,0.8559716599190283,0.006518283203602479,0.016751635491912845
Karimnagar ,0.02090797035881148,0.8780364372469636,0.023426740448698122,0.021918756416801244
Karnal ,0.022997573335848603,0.8736842105263157,0.023821583270189996,0.02380600122445433
Kasganj ,0.008113269223325626,0.7951417004048583,0.0059906255219736556,0.008026489474799708
Kashipur ,0.009745603759826844,0.8441295546558705,0.009020605212555552,0.009924396769530964
Katihar ,0.018109785616751826,0.8084008097165992,0.010921883701905825,0.01752835779714146
Khammam ,0.014765619471717915,0.826923076923077,0.013236464027207687,0.014966394000256124
Khandwa ,0.016082209589061845,0.8803643724696357,0.01099932151866364,0.015769233691906328
Khanna ,0.01026810467680794,0.8545546558704454,0.007548836474292221,0.010152115478750208
Kharagpur ,0.016582432092711537,0.8769230769230769,0.011201920457855594,0.016237807529704266
Khardaha ,0.00890575566013944,0.9665991902834008,0.009689631931753873,0.009295452179740489
Khargone ,0.008530869266023249,0.8396761133603239,0.005665566779536787,0.00834113332741046
Khora ,0.015178972191010628,0.8704453441295547,0.004719204623577924,0.014003170952373065
Khurja ,0.008902469994863944,0.6845141700404858,0.0047403649572268615,0.008520860691362134
Kirari Suleman Nagar ,0.02264688867132264,0.8018218623481781,0.004781785184794995,0.020537784729753896
Kishanganj ,0.008580875488752727,0.7561740890688259,0.0035328752796428137,0.008052548741668691
Kishangarh ,0.012422940130290251,0.8112348178137653,0.005877170116026161,0.0117746817431419
Kochi ,0.04820904396196097,0.9867408906882591,0.05212330441571141,0.0502380153932338
Kolar ,0.011103384900380632,0.8504048582995951,0.005181130204935581,0.010513688419263484
Kolhapur ,0.04401853852486611,0.9323886639676114,0.04161967496827076,0.04494238793612643
Kolkata ,0.35955427786807126,0.8819838056680163,0.36849415412016456,0.37149192726276653
Kollam ,0.02797086849028569,0.9321862348178137,0.017793139279567178,0.02721438247343747
Korba ,0.02910698743200977,0.8530364372469637,0.017435214486994723,0.028150890133719145
Kota ,0.080247566063309,0.8466599190283401,0.05792168605538515,0.07913366768013441
Kozhikode ,0.03462746606208288,0.979757085020243,0.027564711226727573,0.03455093964093438
Krishnanagar ,0.012197271022587988,0.9202429149797571,0.009601388838239154,0.012157484425773513
Kulti ,0.02516154454156034,0.7751012145748988,0.00872120900241633,0.023347575200588014
Kumbakonam ,0.01122840045720433,0.9281376518218624,0.007591607361454967,0.010998369075723805
Kurichi ,0.010081382723346903,0.9151821862348178,0.0059248934217024886,0.009736805059852957
Kurnool ,0.03405231436251643,0.7909919028340082,0.02727837139266961,0.0340025396479894
Lakhimpur ,0.012181804354339926,0.8541497975708502,0.011690859231105511,0.012468491955050917
Lalitpur ,0.010661663266270233,0.8497975708502024,0.007659590561050489,0.010513194052948571
Latur ,0.03067320797211384,0.8747975708502025,0.019069062376611618,0.029773696578912556
Loni ,0.041054467755482715,0.7615384615384615,0.007010823735771364,0.0369684637453606
Lucknow ,0.22563713256946158,0.8574898785425101,0.2687767571293441,0.23896769400720502
Ludhiana ,0.12933324154840742,0.8641700404858299,0.09511660019170362,0.12780912419668589
Machilipatnam ,0.013624131272104614,0.8433198380566801,0.008946769154716707,0.01330190743301938
Madanapalle ,0.010872266396611693,0.8238866396761134,0.007376852485911495,0.010653061907348094
Madavaram ,0.009498377482390236,0.9136639676113361,0.008340322996735455,0.009603049561774794
Madhyamgram ,0.015944612338378326,0.9125506072874494,0.012418864752601934,0.015870010195177867
Madurai ,0.08149131057734989,0.9253036437246964,0.058402070651202516,0.08029569250899216
Mahbubnagar ,0.01265397849588174,0.857995951417004,0.013635358827483401,0.01318352910813597
Mahesana ,0.014756083028601236,0.9209514170040486,0.012241928345707627,0.014804029677585746
Maheshtala ,0.036015940124600444,0.8363360323886639,0.014968459847366462,0.03380405647420068
Mainpuri ,0.009402371945803832,0.8699392712550608,0.008439371367007079,0.009534264020915624
Malegaon ,0.03774556240852728,0.8771255060728745,0.010278519515005153,0.03458622171054235
Malerkotla ,0.010845099554455775,0.7110323886639677,0.004397297420195153,0.010165127256177575
Mandoli ,0.009644228965351217,0.8170040485829959,0.003274899297071725,0.008941988667404284
Mandsaur ,0.011336987687650554,0.8784412955465588,0.008205257037274153,0.011188349288943127
Mandya ,0.011037831871225642,0.8614372469635627,0.007294912470504971,0.010785246076799255
Mangalore ,0.038849786355625825,0.9517206477732794,0.03516082078683125,0.039421584325167305
Mango ,0.017951112025398674,0.8767206477732794,0.012913206164230301,0.017699898006767398
Mathura ,0.02799515035805337,0.7768218623481782,0.019970402546083378,0.027573158673070062
Maunath Bhanjan ,0.02236335979950069,0.7955465587044535,0.009353317692695227,0.02100101717059694
Medinipur ,0.013553529537770205,0.9110323886639677,0.012830365709094037,0.013844708342318409
Meerut ,0.10490271746155591,0.7864372469635628,0.07834951198417747,0.1038537375159166
Mira Bhayander ,0.0652849669514163,0.9480769230769232,0.053353755306403884,0.06534981190986265
Miryalaguda ,0.008322750419182772,0.8308704453441296,0.006022591132379498,0.008214749909450437
Mirzapur-cum-Vindhyachal ,0.018727570826722266,0.792004048582996,0.011636382627456119,0.018179183348133655
Modinagar ,0.0104308653152111,0.9109311740890689,0.011118179562989586,0.010849870117644926
Moga ,0.01205534631032211,0.8308704453441296,0.007996805239838875,0.0117832904392829
Moradabad ,0.07130775167775284,0.7150809716599191,0.04141977734826802,0.0687547059856896
Morena ,0.016068185408007904,0.8135627530364372,0.009612644334860929,0.015540844857243212
Morvi ,0.015088255774135997,0.856174089068826,0.0068410908467149934,0.014253826578038914
Motihari ,0.010031937467859582,0.8825910931174089,0.00880179835822824,0.010140825580598156
Mughalsarai ,0.00882401471913933,0.8383603238866397,0.005293685171153333,0.008539430938772194
Muktsar ,0.00938297850686067,0.7824898785425102,0.00530584110750485,0.009029349357322532
Munger ,0.01707752575300436,0.8282388663967611,0.008998994659041743,0.016327450987592227
Murwara ,0.017780658121960207,0.8848178137651822,0.012160888770030845,0.017434004554785925
Mustafabad ,0.010178510194417623,0.770242914979757,0.0020088810370544456,0.009211605972165799
Muzaffarnagar ,0.03145030787885704,0.8197368421052631,0.02654721433211909,0.03161542537405051
Muzaffarpur ,0.028195656078035994,0.8619433198380567,0.027874912713623697,0.02897835010813472
Mysore ,0.07111830502625847,0.8789473684210527,0.06722052714443098,0.07260314397873859
Nabadwip ,0.010059585139080209,0.8881578947368421,0.004539566897494391,0.009502109203379044
Nadiad ,0.017482143410954904,0.8935222672064778,0.012350431333141539,0.01720270694155036
Nagaon ,0.009324477637321376,0.9456477732793523,0.006876207996174932,0.009223603108247118
Nagapattinam ,0.008241249892715016,0.9057692307692308,0.0038129120355925817,0.007800378506457295
Nagaur ,0.008063343138773599,0.7393724696356275,0.003517117584372328,0.007597769544669326
Nagda ,0.008016702719497065,0.8260121457489878,0.00443196434979022,0.0076999031044823725
Nagercoil ,0.017977317209425178,0.965080971659919,0.015461450599400217,0.018119740350296544
Nagpur ,0.19276605494257418,0.9426113360323887,0.17211095038261937,0.195211402198012
Naihati ,0.017771602507908237,0.9088056680161944,0.010436546687574877,0.017158067623973285
Nalgonda ,0.010831716478821442,0.8813765182186235,0.011964592908947084,0.011331567770561999
Nanded Waghala ,0.04412119553018096,0.8846153846153847,0.02599389411819262,0.04260144999684853
Nandurbar ,0.00890070695496002,0.8804655870445344,0.005155467672637933,0.008585237549050348
Nandyal ,0.016087418570596163,0.7782388663967612,0.010089877391624199,0.01563163109958718
Nangloi Jat ,0.016468155051666284,0.8441295546558705,0.005714190524942856,0.015284209920014974
Narasaraopet ,0.009322394044707647,0.8041497975708503,0.006245449965490648,0.00912270056257234
Nashik ,0.11916330613897708,0.9206477732793522,0.09185115551179418,0.1184152945207488
Navi Mumbai ,0.08971284647841193,0.9268218623481781,0.08672315125091339,0.09188439168380404
Navi Mumbai Panvel Raigarh ,0.01562686446478476,0.9182186234817814,0.010188925761895822,0.015245579323894377
Navsari ,0.01283012220991923,0.90334008097166,0.007845081145377346,0.012437181621616018
Neemuch ,0.010266341636904016,0.8690283400809716,0.007396211940100948,0.010126937108232726
Nellore ,0.04049045526258196,0.8460526315789474,0.03051905398001114,0.04013250269260886
New Delhi ,0.020034384086417164,0.9203441295546559,0.028621827469444704,0.021963724144862307
Neyveli ,0.008469563560273166,0.9208502024291498,0.008332219039167777,0.008702876425168106
Nizamabad ,0.024880259538707022,0.8128542510121458,0.01556590160805029,0.024166621844587604
Noida ,0.05147924256920753,0.8965587044534413,0.0643877437546626,0.05500235451410658
North Barrackpur ,0.010804629774842976,0.9593117408906883,0.010376217225682162,0.011061395879226247
North Dum Dum ,0.02032504525603226,0.9309716599190284,0.01838787972106178,0.020626067629922484
Ongole ,0.016254105979694428,0.8458502024291498,0.014628093629523978,0.016483585314364894
Orai ,0.015000664746181957,0.8432186234817814,0.01323331248815359,0.01517139566699885
Osmanabad ,0.008982287619605228,0.8922064777327936,0.006439494727250052,0.008856309943333661
Ozhukarai ,0.02404369710429511,0.9129554655870445,0.022818043191392516,0.024564277924204975
Palakkad ,0.010499623871464133,0.9534412955465588,0.007575849666184481,0.01035929907954006
Palanpur ,0.010187565808469596,0.8748987854251012,0.006810475895903764,0.009967043916901341
Pali ,0.018428254733942454,0.796255060728745,0.007308869286315973,0.017244608338034928
Pallavaram ,0.01733452888809,0.9439271255060729,0.022737453835580606,0.018689585757916512
Palwal ,0.010252157179495174,0.819838056680162,0.007130131999962181,0.010072818701696752
Panchkula ,0.016843041445782476,0.8892712550607288,0.028208525633493117,0.01911067942241556
Panihati ,0.030734754092396274,0.9390688259109312,0.02641304881238753,0.030970143588093968
Panipat ,0.023572644897237614,0.8531376518218624,0.017051176942259754,0.02325533386872225
Panvel ,0.014462056055533192,0.9512145748987855,0.01783455950713531,0.015417155245534567
Parbhani ,0.024617726869377254,0.8536437246963563,0.013522353641400779,0.023619669938808686
Patan ,0.01005750154646648,0.8862348178137652,0.006046452785217661,0.00973464413287304
Pathankot ,0.011889059592111102,0.8967611336032388,0.010822385111769332,0.012077915257081955
Patiala ,0.032469104528792724,0.874089068825911,0.03903271162472193,0.034447904177702625
Patna ,0.13488858028567177,0.8573886639676113,0.13848898109391722,0.13940903974491461
Pilibhit ,0.01045226220859054,0.7516194331983806,0.007882449394161639,0.010364204929968222
Pimpri Chinchwad ,0.13858767841863656,0.9200404858299596,0.11236632409437149,0.1385787837298539
Pithampur ,0.01010534403840478,0.8373481781376518,0.0023186323040857004,0.009196314927946585
Porbandar ,0.012191901764698764,0.8751012145748988,0.0044360163285740595,0.011349100268852087
Port Blair ,0.008062541756999088,0.9085020242914981,0.0055917307216979415,0.007920907955022592
Proddatur ,0.013047777499876387,0.7902834008097166,0.008171940767273699,0.012677420542890007
Puducherry ,0.019375247576881964,0.9037449392712551,0.0170318174880703,0.019585049110055628
Pudukkottai ,0.00939339646992931,0.9330971659919028,0.006800120839011731,0.009271902557167044
Pune ,0.24966496231462137,0.9272267206477733,0.29557294304673687,0.26413100175726356
Puri ,0.01610985726028247,0.9046558704453441,0.012183849983139266,0.01597779185512702
Purnia ,0.02248252526937046,0.7538461538461539,0.012693048650308379,0.021624288451770658
Puruliya ,0.009731659716950355,0.8334008097165992,0.006660102461036847,0.009545004934378026
Rae Bareli ,0.01531087963109512,0.8397773279352226,0.01573923625602563,0.015832184169731256
Raichur ,0.018628600177570172,0.7841093117408907,0.010105184867029814,0.0178544995178696
Raiganj ,0.014719940710570794,0.8265182186234817,0.0075582910914545115,0.014043340666284288
Raigarh ,0.010986703714011848,0.8861336032388664,0.009076882695664428,0.011017895144691736
Raipur ,0.08094653124703739,0.8795546558704455,0.06626966278982341,0.08104301752437276
Rajahmundry ,0.027559759639961608,0.8530364372469637,0.024133585636545607,0.027840755798201933
Rajapalayam ,0.010427499511758155,0.8729757085020243,0.004963223790338011,0.009889374487320773
Rajarhat Gopalpur ,0.03245524062409369,0.9201417004048583,0.03294799015099024,0.03348974033183833
Rajkot ,0.10313743368866334,0.8989878542510121,0.06665415055442325,0.10049303530713526
Rajnandgaon ,0.01307229978217642,0.8901821862348178,0.008842318146066631,0.012803803960850032
Rajpur Sonarpur ,0.03396304043283591,0.9216599190283401,0.030933256255692466,0.034493888647816454
Ramagundam ,0.0184022899644483,0.7645748987854252,0.012250032303275305,0.017990210073669067
Rampur ,0.026064781939611557,0.6147773279352227,0.013650216083024145,0.024902319448269716
Ranchi ,0.08602352520309618,0.8956477732793522,0.09042620963947744,0.08923644526060916
Ranibennur ,0.008523897244585004,0.9107287449392714,0.004388293022897732,0.008136876011082398
Raniganj ,0.010307692936468778,0.7942307692307693,0.004375686866681344,0.009692763743455679
Ratlam ,0.021221390770822683,0.8894736842105263,0.016473094635765375,0.021111183832909542
Raurkela Industrial Township ,0.016862034193838384,0.8765182186234818,0.0103041820473028,0.01634248994700497
Raurkela Town ,0.02189511242865398,0.8901821862348178,0.01724972390266787,0.021820667417660918
Rewa ,0.0188662900118901,0.8880566801619433,0.01850808842498234,0.019369828205352775
Rewari ,0.011288584228470098,0.8932186234817814,0.010147505534327689,0.011448238921117139
Rishra ,0.009984014837743832,0.8996963562753036,0.006566456729143677,0.009751402870854376
Robertson Pet ,0.011734473047807953,0.9068825910931174,0.006032946189271531,0.011197999235381968
Rohtak ,0.029902198566856917,0.8510121457489879,0.029660934917566995,0.030747209588548666
Roorkee ,0.00947137091658922,0.9180161943319839,0.013774026545863672,0.010424596046771895
Rudrapur ,0.011290186992019119,0.7409919028340081,0.006608327176576681,0.010898131053608307
S.A.S. Nagar ,0.0117085082783138,0.9435222672064777,0.025807953314000893,0.014251209797700627
Sagar ,0.021906331773497136,0.9132591093117409,0.017881382373081893,0.021928873420367628
Saharanpur ,0.05636478641933568,0.7888663967611336,0.03635480386846917,0.054910508815339855
Saharsa ,0.012435441685972621,0.7860323886639676,0.008242175066193576,0.01215326480620741
Salem ,0.06659787071259748,0.8582995951417004,0.042004162732870595,0.06473116288370981
Sambalpur ,0.014695979395512919,0.8678137651821862,0.011748487373809,0.014674398567035682
Sambhal ,0.01773730336795917,0.5011133603238866,0.004763326170335283,0.01624291014632859
Sangli Miraj Kupwad ,0.040285221390129716,0.891497975708502,0.027351757230643585,0.03946087104202031
Santipur ,0.01216289174446147,0.8241902834008098,0.0032474358853145932,0.011138537331184372
Sasaram ,0.011812046803580606,0.8330971659919029,0.008483943133629308,0.011646479813397415
Satara ,0.009622912210149227,0.9403846153846154,0.010036301227704549,0.009975829772642445
Satna ,0.022458563954312585,0.8737854251012146,0.016971037806312712,0.02226954502924656
Sawai Madhopur ,0.009696559195226778,0.8183198380566802,0.006068963778461211,0.009422289350352163
Secunderabad ,0.01712536824494266,0.8881578947368421,0.019130742498098947,0.017945479725467436
Sehore ,0.008720476193872524,0.8655870445344129,0.006252203263463712,0.00859822901964608
Seoni ,0.008204306192910063,0.9226720647773279,0.007354341492667944,0.00831901988799833
Serampore ,0.014692453315705071,0.91082995951417,0.013533609138022554,0.014949258535536228
Shahjahanpur ,0.026283318749520675,0.6975708502024291,0.015086867671827537,0.02531729165338495
Shamli ,0.008593457182612547,0.8296558704453442,0.006007283656973883,0.00844890028241257
Shikohabad ,0.00859882644050177,0.8267206477732795,0.006911325145634871,0.008594178857088774
Shillong ,0.01146032034274778,0.9346153846153846,0.011306371466505668,0.011778826437501635
Shimla ,0.013604096727741842,0.9581983805668016,0.019518381801752888,0.014929419461266928
Shimoga ,0.025838792279199486,0.8908906882591093,0.01686658679766264,0.025207011552909435
Shivpuri ,0.014422628072227257,0.8020242914979757,0.010048907383920938,0.014170754130772976
Sikar ,0.0190391480606521,0.780668016194332,0.00935827011120881,0.018097037312531497
Silchar ,0.013840584489400003,0.9285425101214575,0.010028197270136872,0.013659827244545541
Siliguri ,0.040847150290416745,0.8649797570850202,0.02926564187621025,0.04024936290676884
Singrauli ,0.01765403980158749,0.7828947368421052,0.008125117901327113,0.01669497102883151
Sirsa ,0.01468788543959036,0.8403846153846154,0.011009226355690802,0.014552157742728673
Sitapur ,0.014212585909127955,0.8411943319838057,0.012607506875982886,0.014385437254555353
Siwan ,0.010775219063718425,0.8567813765182187,0.0065484479345488365,0.010439647610424959
Solapur ,0.07622086306092417,0.8489878542510121,0.03990658838243656,0.07281328747529776
Sonipat ,0.022202522477356358,0.8862348178137652,0.021096402428125775,0.022687531748505848
South Dum Dum ,0.03289864515993056,0.9394736842105262,0.046346533329551486,0.03596121548649846
Srikakulam ,0.010097650773369474,0.8616396761133603,0.009790030961620106,0.010351801657254255
Srinagar ,0.09558817695823847,0.718421052631579,0.06113220391178032,0.09303651798259432
Sujangarh ,0.008136268880254089,0.7545546558704453,0.0023789617659784154,0.007484576464207919
Sultan Pur Majra ,0.014555016341376455,0.8074898785425102,0.003327124801396762,0.013241019148958501
Sultanpur ,0.008648031281456739,0.8970647773279352,0.009218251733233925,0.008996460692904893
Surat ,0.35757670806311076,0.9011133603238867,0.12551904722671317,0.3319737048265673
Surendranagar Dudhrej ,0.014250731681594672,0.8637651821862349,0.007904960387405189,0.013687528563834457
Suryapet ,0.00843454317672704,0.8591093117408907,0.006394472740762952,0.008370467596056853
Tadepalligudem ,0.00830047200585137,0.8410931174089068,0.005189684382368129,0.008065810503195811
Tadpatri ,0.008674877570902854,0.7304655870445345,0.0038799947954583623,0.008188496677327586
Tambaram ,0.014168990740594562,0.948582995951417,0.01582432781048625,0.014848405706587173
Tenali ,0.013194670779144232,0.8363360323886639,0.010099782228651362,0.013105933203290624
Thane ,0.14576108709681582,0.9246963562753037,0.10856961997391426,0.14425632597088567
Thanesar ,0.01241837225417554,0.8677125506072875,0.01484780092358103,0.013166300512084797
Thanjavur ,0.017840280925983817,0.9259109311740892,0.01515079889263922,0.01795141282148197
Thiruvananthapuram ,0.06030317715016941,0.948582995951417,0.06809890610079432,0.06329014249505424
Thoothukkudi ,0.019022719734274624,0.956174089068826,0.014314740603573755,0.018854786034659694
Thrissur ,0.025291288250853652,0.9842105263157894,0.02410252046586951,0.02585467484005156
Tiruchirappalli ,0.06787022455598841,0.9242914979757084,0.055525165714676764,0.06794633093183061
Tirunelveli ,0.03805265190451985,0.9208502024291498,0.026741709313743367,0.037415405905821
Tirupati ,0.02300246176467312,0.8861336032388664,0.024966492386556974,0.02398842869677754
Tiruppur ,0.03562486581863913,0.8873481781376519,0.015018434252367143,0.03347046704791245
Tiruvannamalai ,0.011594631928155803,0.8263157894736842,0.007429528210101403,0.011292463815193695
Tiruvottiyur ,0.019878996160339505,0.8928137651821862,0.011607118336239503,0.01918142772358734
Titagarh ,0.009490443802822579,0.8216599190283401,0.002540590697467108,0.008693437249636898
Tonk ,0.013251889437844309,0.7031376518218624,0.005301789128721011,0.012408767462513246
Tumkur ,0.024507937566269265,0.8701417004048583,0.018982620162556384,0.024373097507212612
Udaipur ,0.036201219590867355,0.9176113360323886,0.041460747355971286,0.038086909413299584
Udgir ,0.008339419160092598,0.8682186234817814,0.004467981938979901,0.00798778185276602
Udupi ,0.010045320543493915,0.9503036437246963,0.010104734647164944,0.010355636147254916
Ujjain ,0.04128839109546244,0.8658906882591093,0.03275034363031186,0.04117690124958916
Ulhasnagar ,0.040625007262522335,0.9029352226720647,0.019612027533646055,0.038554075077359154
Uluberia ,0.017804699575195534,0.8211538461538461,0.005125302941691575,0.016360313043058072
Unnao ,0.014319169685137903,0.8473684210526315,0.012254984721788886,0.014423782854797526
Uttarpara Kotrung ,0.01301331808357242,0.9226720647773279,0.01610571522603063,0.01388218144903596
Vadodara ,0.13356654077226116,0.934919028340081,0.12604310314942302,0.13631866628023748
Valsad ,0.009214848610568286,0.938259109311741,0.008545173035251765,0.009387337091699326
Varanasi ,0.09631126373337964,0.8109311740890689,0.07771785351376345,0.0962485783852398
Vasai Virar City ,0.09786738686312488,0.9225708502024292,0.0585078723194472,0.0946213030366161
Vellore ,0.014897286497270052,0.8772267206477733,0.007019828133068784,0.014114905442134808
Veraval ,0.012316917321522462,0.7894736842105263,0.004542268216683618,0.011474270178563182
Vidisha ,0.012498270017094274,0.8793522267206477,0.009915192084054248,0.012469016431495492
Vijayawada ,0.08400404313132877,0.8359311740890689,0.060971025200156494,0.08289021726004671
Visakhapatnam,0.13866469120716704,0.8366396761133603,0.11280213692356662,0.1387132821778756
Vizianagaram ,0.018234079929978466,0.8284412955465587,0.013801940177485676,0.018085043677628046
Warangal ,0.04969496604825905,0.8518218623481781,0.049349950048105995,0.051104113666361285
Wardha ,0.008458023662720209,0.9519230769230769,0.008717607243497362,0.00875294817032464
Yamunanagar ,0.01736017310487435,0.8695344129554656,0.013417902632750703,0.017261990985912277
Yavatmal ,0.009353247243026316,0.929251012145749,0.0060829205942722125,0.009125246619117703
